"cyl","mean_mpg"
4,26.6636363636364
6,19.7428571428571
8,15.1
